"11","Star Wars","http://assets.recolytic.com/demo/movies/media/11.jpg","","",""
"12","Finding Nemo","http://assets.recolytic.com/demo/movies/media/12.jpg","","",""
"13","Forrest Gump","http://assets.recolytic.com/demo/movies/media/13.jpg","","",""
"14","American Beauty","http://assets.recolytic.com/demo/movies/media/14.jpg","","",""
"22","Pirates of the Caribbean: The Curse of the Black Pearl","http://assets.recolytic.com/demo/movies/media/22.jpg","","",""
"24","Kill Bill: Vol. 1","http://assets.recolytic.com/demo/movies/media/24.jpg","","",""
"38","Eternal Sunshine of the Spotless Mind","http://assets.recolytic.com/demo/movies/media/38.jpg","","",""
"63","Twelve Monkeys","http://assets.recolytic.com/demo/movies/media/63.jpg","","",""
"77","Memento","http://assets.recolytic.com/demo/movies/media/77.jpg","","",""
"85","Raiders of the Lost Ark","http://assets.recolytic.com/demo/movies/media/85.jpg","","",""
"98","Gladiator","http://assets.recolytic.com/demo/movies/media/98.jpg","","",""
"105","Back to the Future","http://assets.recolytic.com/demo/movies/media/105.jpg","","",""
"107","Snatch.","http://assets.recolytic.com/demo/movies/media/107.jpg","","",""
"114","Pretty Woman","http://assets.recolytic.com/demo/movies/media/114.jpg","","",""
"120","The Lord of the Rings: The Fellowship of the Ring","http://assets.recolytic.com/demo/movies/media/120.jpg","","",""
"121","The Lord of the Rings: The Two Towers","http://assets.recolytic.com/demo/movies/media/121.jpg","","",""
"122","The Lord of the Rings: The Return of the King","http://assets.recolytic.com/demo/movies/media/122.jpg","","",""
"134","O Brother, Where Art Thou?","http://assets.recolytic.com/demo/movies/media/134.jpg","","",""
"141","Donnie Darko","http://assets.recolytic.com/demo/movies/media/141.jpg","","",""
"146","Crouching Tiger, Hidden Dragon","http://assets.recolytic.com/demo/movies/media/146.jpg","","",""
"153","Lost in Translation","http://assets.recolytic.com/demo/movies/media/153.jpg","","",""
"155","The Dark Knight","http://assets.recolytic.com/demo/movies/media/155.jpg","","",""
"161","Ocean's Eleven","http://assets.recolytic.com/demo/movies/media/161.jpg","","",""
"180","Minority Report","http://assets.recolytic.com/demo/movies/media/180.jpg","","",""
"187","Sin City","http://assets.recolytic.com/demo/movies/media/187.jpg","","",""
"194","Am√©lie","http://assets.recolytic.com/demo/movies/media/194.jpg","","",""
"197","Braveheart","http://assets.recolytic.com/demo/movies/media/197.jpg","","",""
"238","The Godfather","http://assets.recolytic.com/demo/movies/media/238.jpg","","",""
"243","High Fidelity","http://assets.recolytic.com/demo/movies/media/243.jpg","","",""
"268","Batman","http://assets.recolytic.com/demo/movies/media/268.jpg","","",""
"272","Batman Begins","http://assets.recolytic.com/demo/movies/media/272.jpg","","",""
"274","The Silence of the Lambs","http://assets.recolytic.com/demo/movies/media/274.jpg","","",""
"275","Fargo","http://assets.recolytic.com/demo/movies/media/275.jpg","","",""
"278","The Shawshank Redemption","http://assets.recolytic.com/demo/movies/media/278.jpg","","",""
"280","Terminator 2: Judgment Day","http://assets.recolytic.com/demo/movies/media/280.jpg","","",""
"329","Jurassic Park","http://assets.recolytic.com/demo/movies/media/329.jpg","","",""
"393","Kill Bill: Vol. 2","http://assets.recolytic.com/demo/movies/media/393.jpg","","",""
"414","Batman Forever","http://assets.recolytic.com/demo/movies/media/414.jpg","","",""
"424","Schindler's List","http://assets.recolytic.com/demo/movies/media/424.jpg","","",""
"453","A Beautiful Mind","http://assets.recolytic.com/demo/movies/media/453.jpg","","",""
"462","Erin Brockovich","http://assets.recolytic.com/demo/movies/media/462.jpg","","",""
"550","Fight Club","http://assets.recolytic.com/demo/movies/media/550.jpg","","",""
"557","Spider-Man","http://assets.recolytic.com/demo/movies/media/557.jpg","","",""
"558","Spider-Man 2","http://assets.recolytic.com/demo/movies/media/558.jpg","","",""
"568","Apollo 13","http://assets.recolytic.com/demo/movies/media/568.jpg","","",""
"581","Dances with Wolves","http://assets.recolytic.com/demo/movies/media/581.jpg","","",""
"585","Monsters Inc.","http://assets.recolytic.com/demo/movies/media/585.jpg","","",""
"597","Titanic","http://assets.recolytic.com/demo/movies/media/597.jpg","","",""
"601","E.T. the Extra-Terrestrial","http://assets.recolytic.com/demo/movies/media/601.jpg","","",""
"602","Independence Day","http://assets.recolytic.com/demo/movies/media/602.jpg","","",""
"603","The Matrix","http://assets.recolytic.com/demo/movies/media/603.jpg","","",""
"604","The Matrix Reloaded","http://assets.recolytic.com/demo/movies/media/604.jpg","","",""
"607","Men in Black","http://assets.recolytic.com/demo/movies/media/607.jpg","","",""
"629","The Usual Suspects","http://assets.recolytic.com/demo/movies/media/629.jpg","","",""
"640","Catch Me If You Can","http://assets.recolytic.com/demo/movies/media/640.jpg","","",""
"641","Requiem for a Dream","http://assets.recolytic.com/demo/movies/media/641.jpg","","",""
"664","Twister","http://assets.recolytic.com/demo/movies/media/664.jpg","","",""
"671","Harry Potter and the Sorcerer's Stone","http://assets.recolytic.com/demo/movies/media/671.jpg","","",""
"672","Harry Potter and the Chamber of Secrets","http://assets.recolytic.com/demo/movies/media/672.jpg","","",""
"680","Pulp Fiction","http://assets.recolytic.com/demo/movies/media/680.jpg","","",""
"745","The Sixth Sense","http://assets.recolytic.com/demo/movies/media/745.jpg","","",""
"752","V for Vendetta","http://assets.recolytic.com/demo/movies/media/752.jpg","","",""
"786","Almost Famous","http://assets.recolytic.com/demo/movies/media/786.jpg","","",""
"788","Mrs. Doubtfire","http://assets.recolytic.com/demo/movies/media/788.jpg","","",""
"807","Seven","http://assets.recolytic.com/demo/movies/media/807.jpg","","",""
"808","Shrek","http://assets.recolytic.com/demo/movies/media/808.jpg","","",""
"809","Shrek 2","http://assets.recolytic.com/demo/movies/media/809.jpg","","",""
"812","Aladdin","http://assets.recolytic.com/demo/movies/media/812.jpg","","",""
"854","The Mask","http://assets.recolytic.com/demo/movies/media/854.jpg","","",""
"857","Saving Private Ryan","http://assets.recolytic.com/demo/movies/media/857.jpg","","",""
"862","Toy Story","http://assets.recolytic.com/demo/movies/media/862.jpg","","",""
"954","Mission: Impossible","http://assets.recolytic.com/demo/movies/media/954.jpg","","",""
"955","Mission: Impossible II","http://assets.recolytic.com/demo/movies/media/955.jpg","","",""
"1422","The Departed","http://assets.recolytic.com/demo/movies/media/1422.jpg","","",""
"1572","Die Hard: With a Vengeance","http://assets.recolytic.com/demo/movies/media/1572.jpg","","",""
"1597","Meet the Parents","http://assets.recolytic.com/demo/movies/media/1597.jpg","","",""
"1637","Speed","http://assets.recolytic.com/demo/movies/media/1637.jpg","","",""
"1891","Star Wars: Episode V - The Empire Strikes Back","http://assets.recolytic.com/demo/movies/media/1891.jpg","","",""
"1892","Star Wars: Episode VI - Return of the Jedi","http://assets.recolytic.com/demo/movies/media/1892.jpg","","",""
"1894","Star Wars: Episode II - Attack of the Clones","http://assets.recolytic.com/demo/movies/media/1894.jpg","","",""
"1900","Traffic","http://assets.recolytic.com/demo/movies/media/1900.jpg","","",""
"2024","The Patriot","http://assets.recolytic.com/demo/movies/media/2024.jpg","","",""
"2164","Stargate","http://assets.recolytic.com/demo/movies/media/2164.jpg","","",""
"2501","The Bourne Identity","http://assets.recolytic.com/demo/movies/media/2501.jpg","","",""
"2502","The Bourne Supremacy","http://assets.recolytic.com/demo/movies/media/2502.jpg","","",""
"3049","Ace Ventura: Pet Detective","http://assets.recolytic.com/demo/movies/media/3049.jpg","","",""
"4327","Charlie's Angels","http://assets.recolytic.com/demo/movies/media/4327.jpg","","",""
"5503","The Fugitive","http://assets.recolytic.com/demo/movies/media/5503.jpg","","",""
"7443","Chicken Run","http://assets.recolytic.com/demo/movies/media/7443.jpg","","",""
"8358","Cast Away","http://assets.recolytic.com/demo/movies/media/8358.jpg","","",""
"8467","Dumb","http://assets.recolytic.com/demo/movies/media/8467.jpg","","",""
"8587","The Lion King","http://assets.recolytic.com/demo/movies/media/8587.jpg","","",""
"9331","Clear and Present Danger","http://assets.recolytic.com/demo/movies/media/9331.jpg","","",""
"9741","Unbreakable","http://assets.recolytic.com/demo/movies/media/9741.jpg","","",""
"9802","The Rock","http://assets.recolytic.com/demo/movies/media/9802.jpg","","",""
"9806","The Incredibles","http://assets.recolytic.com/demo/movies/media/9806.jpg","","",""
"10020","Beauty and the Beast","http://assets.recolytic.com/demo/movies/media/10020.jpg","","",""
"36657","X-Men","http://assets.recolytic.com/demo/movies/media/36657.jpg","","",""
"36658","X-Men: The Last Stand","http://assets.recolytic.com/demo/movies/media/36658.jpg","","",""
"36955","True Lies","http://assets.recolytic.com/demo/movies/media/36955.jpg","","",""